﻿"Part";"Value";"Device";"Package";"Description";"CAN";"COMPONENT";"DAC";"DESCRIPTION";"DISCRIPTION";"ETH";"FARNELL";"FLASH";"I2S";"MANUFACTURER";"MANUFATURER";"MF";"MHZ";"MPN";"NOTE";"OC_FARNELL";"OC_NEWARK";"PACKAGE";"PROD_ID";"SRAM";"SRAM0";"SRAM1";"SUPPLIER";"TP_SIGNAL_NAME";"USB";"VALUE";
"+5V";"";"MA04-2";"MA04-2";"PIN HEADER";"";"";"";"";"";"";"";"";"";"";"";"";"";"";"";"unknown";"unknown";"";"";"";"";"";"";"";"";"";
"BUTTONS";"";"MA05-1";"MA05-1";"KK 254 Breakaway Header, Vertical, 5 Circuits";"";"22284051";"";"MOLEX 22284051 5-PIN";"";"";"3049532";"";"";"MOLEX";"";"";"";"";"";"unknown";"unknown";"";"";"";"";"";"";"";"";"";
"C1";"100u";"CPOL-EUD/7343-31R";"D/7343-31R";"POLARIZED CAPACITOR, European symbol";"";"T491X107K025AT";"";"KEMET - T491X107K025AT - CAP, TANT, 100UF, 25V, CASE X";"";"";"2321230";"";"";"KEMET";"";"";"";"";"";"";"unknown";"";"";"";"";"";"";"";"";"";
"C2";"1000u";"CPOL-EU140CLH-1010";"140CLH-1010";"POLARIZED CAPACITOR, European symbol";"";"EEEFT1C102AP";"";"PANASONIC ELECTRONIC COMPONENTS - EEEFT1C102AP - CAP, ALU ELEC, 1000UF, 16V, SMD";"";"";"2065974";"";"";"PANASONIC ELECTRONIC COMPONENTS";"";"";"";"";"";"";"unknown";"";"";"";"";"";"";"";"";"";
"C3";"100n";"C-EUC0805";"C0805";"CAPACITOR, European symbol";"";"885012207098";"";"WURTH ELEKTRONIK - 885012207098 - CAPACITOR, MLCC, X7R, 0.1UF, 50V, 0805";"";"";"2495197";"";"";"WURTH ELEKTRONIK";"";"";"";"";"";"";"unknown";"";"";"";"";"";"";"";"";"";
"C4";"100n";"C-EUC0805";"C0805";"CAPACITOR, European symbol";"";"885012207098";"";"WURTH ELEKTRONIK - 885012207098 - CAPACITOR, MLCC, X7R, 0.1UF, 50V, 0805";"";"";"2495197";"";"";"WURTH ELEKTRONIK";"";"";"";"";"";"";"unknown";"";"";"";"";"";"";"";"";"";
"C6";"100n";"C-EUC0805";"C0805";"CAPACITOR, European symbol";"";"885012207098";"";"WURTH ELEKTRONIK - 885012207098 - CAPACITOR, MLCC, X7R, 0.1UF, 50V, 0805";"";"";"2495197";"";"";"WURTH ELEKTRONIK";"";"";"";"";"";"";"unknown";"";"";"";"";"";"";"";"";"";
"C7";"1u";"C-EUC0805";"C0805";"CAPACITOR, European symbol";"";"C0805C105K3PACTU";"";"KEMET - C0805C105K3PACTU - CAP, MLCC, X5R, 1UF, 25V, 0805";"";"";"1463389";"";"";"KEMET";"";"";"";"";"";"";"unknown";"";"";"";"";"";"";"";"";"";
"C8";"1u";"C-EUC0805";"C0805";"CAPACITOR, European symbol";"";"C0805C105K3PACTU";"";"KEMET - C0805C105K3PACTU - CAP, MLCC, X5R, 1UF, 25V, 0805";"";"";"1463389";"";"";"KEMET";"";"";"";"";"";"";"unknown";"";"";"";"";"";"";"";"";"";
"C9";"100n";"C-EUC0805";"C0805";"CAPACITOR, European symbol";"";"885012207098";"";"WURTH ELEKTRONIK - 885012207098 - CAPACITOR, MLCC, X7R, 0.1UF, 50V, 0805";"";"";"2495197";"";"";"WURTH ELEKTRONIK";"";"";"";"";"";"";"unknown";"";"";"";"";"";"";"";"";"";
"C10";"100n";"C-EUC0805";"C0805";"CAPACITOR, European symbol";"";"885012207098";"";"WURTH ELEKTRONIK - 885012207098 - CAPACITOR, MLCC, X7R, 0.1UF, 50V, 0805";"";"";"2495197";"";"";"WURTH ELEKTRONIK";"";"";"";"";"";"";"unknown";"";"";"";"";"";"";"";"";"";
"C11";"100n";"C-EUC0805";"C0805";"CAPACITOR, European symbol";"";"885012207098";"";"WURTH ELEKTRONIK - 885012207098 - CAPACITOR, MLCC, X7R, 0.1UF, 50V, 0805";"";"";"2495197";"";"";"WURTH ELEKTRONIK";"";"";"";"";"";"";"unknown";"";"";"";"";"";"";"";"";"";
"C12";"10u";"C-EUC0805";"C0805";"CAPACITOR, European symbol";"";"C2012X5R1E106K125AB";"";"TDK - C2012X5R1E106K125AB - CAP, MLCC, X5R, 10UF, 25V, 0805";"";"";"2346927";"";"";"TDK";"";"";"";"";"";"";"unknown";"";"";"";"";"";"";"";"";"";
"C13";"100n";"C-EUC0805";"C0805";"CAPACITOR, European symbol";"";"885012207098";"";"WURTH ELEKTRONIK - 885012207098 - CAPACITOR, MLCC, X7R, 0.1UF, 50V, 0805";"";"";"2495197";"";"";"WURTH ELEKTRONIK";"";"";"";"";"";"";"unknown";"";"";"";"";"";"";"";"";"";
"C14";"10u";"C-EUC0805";"C0805";"CAPACITOR, European symbol";"";"C2012X5R1E106K125AB";"";"TDK - C2012X5R1E106K125AB - CAP, MLCC, X5R, 10UF, 25V, 0805";"";"";"2346927";"";"";"TDK";"";"";"";"";"";"";"unknown";"";"";"";"";"";"";"";"";"";
"C15";"100n";"C-EUC0805";"C0805";"CAPACITOR, European symbol";"";"885012207098";"";"WURTH ELEKTRONIK - 885012207098 - CAPACITOR, MLCC, X7R, 0.1UF, 50V, 0805";"";"";"2495197";"";"";"WURTH ELEKTRONIK";"";"";"";"";"";"";"unknown";"";"";"";"";"";"";"";"";"";
"C16";"100n";"C-EUC0805";"C0805";"CAPACITOR, European symbol";"";"885012207098";"";"WURTH ELEKTRONIK - 885012207098 - CAPACITOR, MLCC, X7R, 0.1UF, 50V, 0805";"";"";"2495197";"";"";"WURTH ELEKTRONIK";"";"";"";"";"";"";"unknown";"";"";"";"";"";"";"";"";"";
"C17";"100nf";"C-EUC0805";"C0805";"CAPACITOR, European symbol";"";"885012207098";"";"WURTH ELEKTRONIK - 885012207098 - CAPACITOR, MLCC, X7R, 0.1UF, 50V, 0805";"";"";"2495197";"";"";"WURTH ELEKTRONIK";"";"";"";"";"";"unknown";"";"";"";"";"";"";"";"";"";
"C18";"100nf";"C-EUC0805";"C0805";"CAPACITOR, European symbol";"";"885012207098";"";"WURTH ELEKTRONIK - 885012207098 - CAPACITOR, MLCC, X7R, 0.1UF, 50V, 0805";"";"";"2495197";"";"";"WURTH ELEKTRONIK";"";"";"";"";"";"unknown";"";"";"";"";"";"";"";"";"";
"C19";"10uF";"CAP_POL1206";"EIA3216";"Capacitor Polarized";"";"TAJA106K006RNJ";"";"AVX - TAJA106K006RNJ - Tantalum Capacitor, 10 µF, 6.3 V, 1206 10%";"";"";"197014";"";"";"AVX";"";"";"";"";"";"";"";"";"";"";"";"";"";"";"";"";
"C20";"10nf";"C-EUC0805";"C0805";"CAPACITOR, European symbol";"";"MCSH21B103K500CT";"";"MULTICOMP - MCSH21B103K500CT - CAP, MLCC, X7R, 10NF, 50V, 0805";"";"";"1856485";"";"";"MULTICOMP";"";"";"";"";"";"unknown";"";"";"";"";"";"";"";"";"";
"C21";"10n";"C-EUC0805";"C0805";"CAPACITOR, European symbol";"";"MCSH21B103K500CT";"";"MULTICOMP - MCSH21B103K500CT - CAP, MLCC, X7R, 10NF, 50V, 0805";"";"";"1856485";"";"";"MULTICOMP";"";"";"";"";"";"unknown";"";"";"";"";"";"";"";"";"";
"C22";"18pF";"C-EUC0805";"C0805";"CAPACITOR, European symbol";"";"C0805H180J5GACTU";"";"KEMET - C0805H180J5GACTU - CAP, MLCC, C0G, 18PF, 50V, 0805";"";"";"2456665";"";"";"KEMET";"";"";"";"";"";"unknown";"";"";"";"";"";"";"";"";"";
"C23";"18pF";"C-EUC0805";"C0805";"CAPACITOR, European symbol";"";"C0805H180J5GACTU";"";"KEMET - C0805H180J5GACTU - CAP, MLCC, C0G, 18PF, 50V, 0805";"";"";"2456665";"";"";"KEMET";"";"";"";"";"";"unknown";"";"";"";"";"";"";"";"";"";
"C25";"100n";"C-EUC0805";"C0805";"CAPACITOR, European symbol";"";"885012207098";"";"WURTH ELEKTRONIK - 885012207098 - CAPACITOR, MLCC, X7R, 0.1UF, 50V, 0805";"";"";"2495197";"";"";"WURTH ELEKTRONIK";"";"";"";"";"";"";"unknown";"";"";"";"";"";"";"";"";"";
"C26";"100n";"C-EUC0805";"C0805";"CAPACITOR, European symbol";"";"885012207098";"";"WURTH ELEKTRONIK - 885012207098 - CAPACITOR, MLCC, X7R, 0.1UF, 50V, 0805";"";"";"2495197";"";"";"WURTH ELEKTRONIK";"";"";"";"";"";"";"unknown";"";"";"";"";"";"";"";"";"";
"C27";"10u";"C-EUC0805";"C0805";"CAPACITOR, European symbol";"";"C2012X5R1E106K125AB";"";"TDK - C2012X5R1E106K125AB - CAP, MLCC, X5R, 10UF, 25V, 0805";"";"";"2346927";"";"";"TDK";"";"";"";"";"";"";"";"";"";"";"";"";"";"";"";"";
"C29";"18p";"C-EUC0805";"C0805";"CAPACITOR, European symbol";"";"C0805H180J5GACTU";"";"KEMET - C0805H180J5GACTU - CAP, MLCC, C0G, 18PF, 50V, 0805";"";"";"2456665";"";"";"KEMET";"";"";"";"";"";"";"unknown";"";"";"";"";"";"";"";"";"";
"C30";"18p";"C-EUC0805";"C0805";"CAPACITOR, European symbol";"";"C0805H180J5GACTU";"";"KEMET - C0805H180J5GACTU - CAP, MLCC, C0G, 18PF, 50V, 0805";"";"";"2456665";"";"";"KEMET";"";"";"";"";"";"";"unknown";"";"";"";"";"";"";"";"";"";
"C31";"100n";"C-EUC0805";"C0805";"CAPACITOR, European symbol";"";"885012207098";"";"WURTH ELEKTRONIK - 885012207098 - CAPACITOR, MLCC, X7R, 0.1UF, 50V, 0805";"";"";"2495197";"";"";"WURTH ELEKTRONIK";"";"";"";"";"";"";"unknown";"";"";"";"";"";"";"";"";"";
"C32";"100n";"C-EUC0805";"C0805";"CAPACITOR, European symbol";"";"885012207098";"";"WURTH ELEKTRONIK - 885012207098 - CAPACITOR, MLCC, X7R, 0.1UF, 50V, 0805";"";"";"2495197";"";"";"WURTH ELEKTRONIK";"";"";"";"";"";"";"unknown";"";"";"";"";"";"";"";"";"";
"C33";"100n";"C-EUC0805";"C0805";"CAPACITOR, European symbol";"";"885012207098";"";"WURTH ELEKTRONIK - 885012207098 - CAPACITOR, MLCC, X7R, 0.1UF, 50V, 0805";"";"";"2495197";"";"";"WURTH ELEKTRONIK";"";"";"";"";"";"";"unknown";"";"";"";"";"";"";"";"";"";
"C34";"10n";"C-EUC0805";"C0805";"CAPACITOR, European symbol";"";"MCSH21B103K500CT";"";"MULTICOMP - MCSH21B103K500CT - CAP, MLCC, X7R, 10NF, 50V, 0805";"";"";"1856485";"";"";"MULTICOMP";"";"";"";"";"";"";"unknown";"";"";"";"";"";"";"";"";"";
"C35";"100n";"C-EUC0805";"C0805";"CAPACITOR, European symbol";"";"885012207098";"";"WURTH ELEKTRONIK - 885012207098 - CAPACITOR, MLCC, X7R, 0.1UF, 50V, 0805";"";"";"2495197";"";"";"WURTH ELEKTRONIK";"";"";"";"";"";"";"unknown";"";"";"";"";"";"";"";"";"";
"C36";"100n";"C-EUC0805";"C0805";"CAPACITOR, European symbol";"";"885012207098";"";"WURTH ELEKTRONIK - 885012207098 - CAPACITOR, MLCC, X7R, 0.1UF, 50V, 0805";"";"";"2495197";"";"";"WURTH ELEKTRONIK";"";"";"";"";"";"";"unknown";"";"";"";"";"";"";"";"";"";
"C37";"100n";"C-EUC0805";"C0805";"CAPACITOR, European symbol";"";"885012207098";"";"WURTH ELEKTRONIK - 885012207098 - CAPACITOR, MLCC, X7R, 0.1UF, 50V, 0805";"";"";"2495197";"";"";"WURTH ELEKTRONIK";"";"";"";"";"";"";"unknown";"";"";"";"";"";"";"";"";"";
"C38";"100n";"C-EUC0805";"C0805";"CAPACITOR, European symbol";"";"885012207098";"";"WURTH ELEKTRONIK - 885012207098 - CAPACITOR, MLCC, X7R, 0.1UF, 50V, 0805";"";"";"2495197";"";"";"WURTH ELEKTRONIK";"";"";"";"";"";"";"unknown";"";"";"";"";"";"";"";"";"";
"C40";"100n";"C-EUC0805";"C0805";"CAPACITOR, European symbol";"";"885012207098";"";"WURTH ELEKTRONIK - 885012207098 - CAPACITOR, MLCC, X7R, 0.1UF, 50V, 0805";"";"";"2495197";"";"";"WURTH ELEKTRONIK";"";"";"";"";"";"";"unknown";"";"";"";"";"";"";"";"";"";
"C41";"100n";"C-EUC0805";"C0805";"CAPACITOR, European symbol";"";"885012207098";"";"WURTH ELEKTRONIK - 885012207098 - CAPACITOR, MLCC, X7R, 0.1UF, 50V, 0805";"";"";"2495197";"";"";"WURTH ELEKTRONIK";"";"";"";"";"";"";"unknown";"";"";"";"";"";"";"";"";"";
"C42";"10u";"C-EUC0805";"C0805";"CAPACITOR, European symbol";"";"C2012X5R1E106K125AB";"";"TDK - C2012X5R1E106K125AB - CAP, MLCC, X5R, 10UF, 25V, 0805";"";"";"2346927";"";"";"TDK";"";"";"";"";"";"";"unknown";"";"";"";"";"";"";"";"";"";
"C43";"100n";"C-EUC0805";"C0805";"CAPACITOR, European symbol";"";"885012207098";"";"WURTH ELEKTRONIK - 885012207098 - CAPACITOR, MLCC, X7R, 0.1UF, 50V, 0805";"";"";"2495197";"";"";"WURTH ELEKTRONIK";"";"";"";"";"";"";"unknown";"";"";"";"";"";"";"";"";"";
"C44";"10u";"C-EUC0805";"C0805";"CAPACITOR, European symbol";"";"C2012X5R1E106K125AB";"";"TDK - C2012X5R1E106K125AB - CAP, MLCC, X5R, 10UF, 25V, 0805";"";"";"2346927";"";"";"TDK";"";"";"";"";"";"";"unknown";"";"";"";"";"";"";"";"";"";
"C45";"1u";"C-EUC0805";"C0805";"CAPACITOR, European symbol";"";"C0805C105K3PACTU";"";"KEMET - C0805C105K3PACTU - CAP, MLCC, X5R, 1UF, 25V, 0805";"";"";"1463389";"";"";"KEMET";"";"";"";"";"";"";"unknown";"";"";"";"";"";"";"";"";"";
"C46";"100n";"C-EUC0805";"C0805";"CAPACITOR, European symbol";"";"885012207098";"";"WURTH ELEKTRONIK - 885012207098 - CAPACITOR, MLCC, X7R, 0.1UF, 50V, 0805";"";"";"2495197";"";"";"WURTH ELEKTRONIK";"";"";"";"";"";"";"unknown";"";"";"";"";"";"";"";"";"";
"C47";"100n";"C-EUC0805";"C0805";"CAPACITOR, European symbol";"";"885012207098";"";"WURTH ELEKTRONIK - 885012207098 - CAPACITOR, MLCC, X7R, 0.1UF, 50V, 0805";"";"";"2495197";"";"";"WURTH ELEKTRONIK";"";"";"";"";"";"";"unknown";"";"";"";"";"";"";"";"";"";
"C48";"100n";"C-EUC0805";"C0805";"CAPACITOR, European symbol";"";"885012207098";"";"WURTH ELEKTRONIK - 885012207098 - CAPACITOR, MLCC, X7R, 0.1UF, 50V, 0805";"";"";"2495197";"";"";"WURTH ELEKTRONIK";"";"";"";"";"";"";"unknown";"";"";"";"";"";"";"";"";"";
"C49";"100n";"C-EUC0805";"C0805";"CAPACITOR, European symbol";"";"885012207098";"";"WURTH ELEKTRONIK - 885012207098 - CAPACITOR, MLCC, X7R, 0.1UF, 50V, 0805";"";"";"2495197";"";"";"WURTH ELEKTRONIK";"";"";"";"";"";"";"unknown";"";"";"";"";"";"";"";"";"";
"C50";"18p";"C-EUC0805";"C0805";"CAPACITOR, European symbol";"";"C0805H180J5GACTU";"";"KEMET - C0805H180J5GACTU - CAP, MLCC, C0G, 18PF, 50V, 0805";"";"";"2456665";"";"";"KEMET";"";"";"";"";"";"";"unknown";"";"";"";"";"";"";"";"";"";
"C51";"18p";"C-EUC0805";"C0805";"CAPACITOR, European symbol";"";"C0805H180J5GACTU";"";"KEMET - C0805H180J5GACTU - CAP, MLCC, C0G, 18PF, 50V, 0805";"";"";"2456665";"";"";"KEMET";"";"";"";"";"";"";"unknown";"";"";"";"";"";"";"";"";"";
"C52";"18p";"C-EUC0805";"C0805";"CAPACITOR, European symbol";"";"C0805H180J5GACTU";"";"KEMET - C0805H180J5GACTU - CAP, MLCC, C0G, 18PF, 50V, 0805";"";"";"2456665";"";"";"KEMET";"";"";"";"";"";"";"unknown";"";"";"";"";"";"";"";"";"";
"C53";"18p";"C-EUC0805";"C0805";"CAPACITOR, European symbol";"";"C0805H180J5GACTU";"";"KEMET - C0805H180J5GACTU - CAP, MLCC, C0G, 18PF, 50V, 0805";"";"";"2456665";"";"";"KEMET";"";"";"";"";"";"";"unknown";"";"";"";"";"";"";"";"";"";
"CAN";"";"M09HP";"M09HP";"SUB-D";"";"L717SDE09P1ACH4F";"";"AMPHENOL - L717SDE09P1ACH4F - CONNECTOR, D SUB, PLUG, 9POS";"";"";"2401240";"";"";"AMPHENOL";"";"";"";"";"";"unknown";"unknown";"";"";"";"";"";"";"";"";"";
"CAN1";"MCP2551-I/SN";"MCP2551-I/SN";"SOIC127P600X175-8N";"High-Speed CAN Transceiver";"";"MCP2551-I/SN";"";"MICROCHIP - MCP2551-I/SN - IC, CAN TRANSCEIVER, HI SPEED, SMD";"";"";"9758569";"";"";"MICROCHIP";"";"MICROCHIP";"";"MCP2551-I/SN";"";"9758569";"69K7604";"SOIC-8";"";"";"";"";"Microchip";"";"";"";
"CAN2";"MCP2551-I/SN";"MCP2551-I/SN";"SOIC127P600X175-8N";"High-Speed CAN Transceiver";"";"MCP2551-I/SN";"";"MICROCHIP - MCP2551-I/SN - IC, CAN TRANSCEIVER, HI SPEED, SMD";"";"";"9758569";"";"";"MICROCHIP";"";"MICROCHIP";"";"MCP2551-I/SN";"";"9758569";"69K7604";"SOIC-8";"";"";"";"";"Microchip";"";"";"";
"CN1";"";"USBMINIB";"USB-MINIB";"USB Connectors";"";"54819-0572";"";"MOLEX MINI-USB CONNECTOR";"";"";"9786473";"";"";"MOLEX";"";"";"";"";"";"";"";"";"";"";"";"";"";"";"";
"CN2";"";"USBMINIB";"USB-MINIB";"USB Connectors";"";"54819-0572";"";"MOLEX MINI-USB CONNECTOR";"";"";"9786473";"";"";"MOLEX";"";"";"";"";"";"";"";"";"";"";"";"";"";"";"";
"D1";"B550C-13-F";"B550C-13-F";"SMC";"DIODE";"";"B550C-13-F";"";"DIODES INC. - B550C-13-F - DIODE, SCHOTTKY, 50V, 5A, SMC";"";"";"1858608";"";"";"DIODES INC.";"";"";"";"";"";"";"unknown";"";"";"";"";"";"";"";"";"";
"D2";"PMEG1030EH";"PMEG1030EH";"SOD123F";"10 V, 3 A ultra low VF MEGA Schottky barrier";"";"PMEG1030EH,115";"";" NXP - PMEG1030EH,115 -  Schottky barrier, 10 V, 3 A, SOD-123F, 2 Pin(s), 530 mV ";"";"";"1510670";"";"";"NXP";"";"";"";"";"";"";"";"";"";"";"";"";"";"";"";
"D3";"PMEG1030EH";"PMEG1030EH";"SOD123F";"10 V, 3 A ultra low VF MEGA Schottky barrier";"";"PMEG1030EH,115";"";" NXP - PMEG1030EH,115 -  Schottky barrier, 10 V, 3 A, SOD-123F, 2 Pin(s), 530 mV ";"";"";"1510670";"";"";"NXP";"";"";"";"";"";"";"";"";"";"";"";"";"";"";"";
"DEBUG";"1296-T10";"1296-T10";"1296-10";"1.27mm SINGLE ROW FEMALE SOCKET";"";"FTSH-105-01-L-DV";"";"SAMTEC - FTSH-105-01-L-DV - HEADER, 1.27MM, SMD, 10WAY";"";"";"1667759";"";"";"SAMTEC";"";"";"";"";"";"unknown";"unknown";"";"";"";"";"";"";"";"";"";
"ETH1";"J1006F01PNL";"J1006F01PNL";"J1";"PULSEJACK (TM) 1x1 Tab-UP RJ45";"";"";"";"";"";"";"unknown";"";"";"";"Pulse Electronics";"";"";"";"Mouser order code: 673-J1006F01PNL";"unknown";"unknown";"";"";"";"";"";"";"";"";"";
"EXPANSION";"53048-04";"53048-04";"53048-04";"CONNECTOR";"";"";"";"";"";"";"";"";"";"";"";"MOLEX";"";"53048-0410";"";"1462887";"57H4721";"";"";"";"";"";"";"";"";"";
"FB1";"22";"FERRITE-0603";"FB603";"Ferrite bead in various packages";"";"BLM21PG220SN1D";"";"MURATA - BLM21PG220SN1D - FERRITE BEAD, 0.009OHM, 6A, 0805";"";"";"1515659";"";"";"MURATA";"";"";"";"";"";"";"unknown";"";"";"";"";"";"";"";"";"";
"FB2";"22";"FERRITE-0603";"FB603";"Ferrite bead in various packages";"";"BLM21PG220SN1D";"";"MURATA - BLM21PG220SN1D - FERRITE BEAD, 0.009OHM, 6A, 0805";"";"";"1515659";"";"";"MURATA";"";"";"";"";"";"";"unknown";"";"";"";"";"";"";"";"";"";
"FB3";"22";"FERRITE-0603";"FB603";"Ferrite bead in various packages";"";"BLM21PG220SN1D";"";"MURATA - BLM21PG220SN1D - FERRITE BEAD, 0.009OHM, 6A, 0805";"";"";"1515659";"";"";"MURATA";"";"";"";"";"";"";"unknown";"";"";"";"";"";"";"";"";"";
"FB4";"BK1608HS220-T ";"FERRITE_BEAD-0603";"0603";"Ferrite Bead BK1608HS220-T";"";"BK1608HS220-T";"";"Taiyo Yuden - Ferrite Beads MULTILYR CHP BD 0603 22OHMS 25%";"";"";"";"";"";"Taiyo Yuden";"";"";"";"Mouser order code: 963-BK1608HS220-T";"";"";"";"";"";"";"";"";"";"";"30Ω/1.8A";
"FB5";"BK1608HS220-T ";"FERRITE_BEAD-0603";"0603";"Ferrite Bead BK1608HS220-T";"";"BK1608HS220-T";"";"Taiyo Yuden - Ferrite Beads MULTILYR CHP BD 0603 22OHMS 25%";"";"";"";"";"";"Taiyo Yuden";"";"";"";"Mouser order code: 963-BK1608HS220-T";"";"";"";"";"";"";"";"";"";"";"30Ω/1.8A";
"IC1";"FT232RL";"FT232RL";"SSOP28";"FT232RL";"";"";"";"";"";"";"";"";"";"";"";"";"";"FT232RL";"";"1146032";"91K9918";"";"";"";"";"";"";"";"";"";
"JP1";"";"PINHD-1X3";"1X03";"KK 254 Breakaway Header, Vertical, 3 Circuits";"";"22284032";"";"MOLEX 22284032 3-PIN";"";"";"2751450";"";"";"MOLEX";"";"";"";"";"";"unknown";"unknown";"";"";"";"";"";"";"";"";"";
"JP2";"";"PINHD-1X3";"1X03";"KK 254 Breakaway Header, Vertical, 3 Circuits";"";"22284032";"";"MOLEX 22284032 3-PIN";"";"";"2751450";"";"";"MOLEX";"";"";"";"";"";"unknown";"unknown";"";"";"";"";"";"";"";"";"";
"JP3";"";"PINHD-1X3";"1X03";"KK 254 Breakaway Header, Vertical, 3 Circuits";"";"22284032";"";"MOLEX 22284032 3-PIN";"";"";"2751450";"";"";"MOLEX";"";"";"";"";"";"unknown";"unknown";"";"";"";"";"";"";"";"";"";
"JP4";"";"PINHD-1X3";"1X03";"KK 254 Breakaway Header, Vertical, 3 Circuits";"";"22284032";"";"MOLEX 22284032 3-PIN";"";"";"2751450";"";"";"MOLEX";"";"";"";"";"";"unknown";"unknown";"";"";"";"";"";"";"";"";"";
"JP5";"";"JP1E";"JP1";"KK 254 Breakaway Header, Vertical, 2 Circuits";"";"22284022";"";"MOLEX 22284022 2-PIN";"";"";"2751449";"";"";"MOLEX";"";"";"";"";"";"unknown";"unknown";"";"";"";"";"";"";"";"";"";
"JP6";"";"JP1E";"JP1";"KK 254 Breakaway Header, Vertical, 2 Circuits";"";"22284022";"";"MOLEX 22284022 2-PIN";"";"";"2751449";"";"";"MOLEX";"";"";"";"";"";"unknown";"unknown";"";"";"";"";"";"";"";"";"";
"KLINE";"";"M09HP";"M09HP";"SUB-D";"";"L717SDE09P1ACH4F";"";"AMPHENOL - L717SDE09P1ACH4F - CONNECTOR, D SUB, PLUG, 9POS";"";"";"2401240";"";"";"AMPHENOL";"";"";"";"";"";"unknown";"unknown";"";"";"";"";"";"";"";"";"";
"KLINE1";"L9637D";"L9637D";"SO08";"ISO 9141 INTERFACE";"";"E-L9637D013TR";"";"Monolithic bus driver with ISO 9141 interface";"";"";"3130050";"";"";"ST MICROELECTRONICS";"";"";"";"L9637D";"";"";"";"";"";"";"";"";"";"";"";"";
"KLINE2";"L9637D";"L9637D";"SO08";"ISO 9141 INTERFACE";"";"E-L9637D013TR";"";"Monolithic bus driver with ISO 9141 interface";"";"";"3130050";"";"";"ST MICROELECTRONICS";"";"";"";"L9637D";"";"";"";"";"";"";"";"";"";"";"";"";
"L4";"IHLP-6767GZ-11";"IHLP-6767GZ-11";"IHLP-67676GZ-11";"";"";"IHLP6767GZER101M11";"";"VISHAY - IHLP6767GZER101M11 - INDUCTOR, 100UH, 4A, 20%";"";"";"1845602";"";"";"VISHAY";"";"";"";"";"";"";"unknown";"";"";"";"";"";"";"";"";"";
"L5";"10uH";"CHOKE2";"CHOKE2";"";"";"ELL6RH100M";"";"PANASONIC ELECTRONIC COMPONENTS - ELL6RH100M - INDUCTOR, 10UH";"PANASONIC ELECTRONIC COMPONENTS - ELL6RH100M - INDUCTOR, 10UH";"";"1198595";"";"";"PANASONIC ELECTRONIC COMPONENTS";"";"PANASONIC ELECTRONIC COMPONENTS";"";"ELL6RH100M";"Mouser order code: 667-ELL-6RH100M ";"";"";"";"";"";"";"";"";"";"";"";
"LCD";"";"MA05-1";"MA05-1";"KK 254 Breakaway Header, Vertical, 5 Circuits";"";"22284051";"";"MOLEX 22284051 5-PIN";"";"";"3049532";"";"";"MOLEX";"";"";"";"";"";"unknown";"unknown";"";"";"";"";"";"";"";"";"";
"LD1";"";"DUOLED-RG-C";"DUOLED-C-5MM";"DUO LED";"";"L-59EGW";"";"LED, Green, Red, Through Hole, T-1 3/4 (5mm)";"";"";"2001770";"";"";"KINGBRIGHT";"";"";"";"";"";"";"";"";"";"";"";"";"";"";"";"";
"R1";"510R";"R-EU_R2512";"R2512";"RESISTOR, European symbol";"";"MCPWR12FTEA5100";"";"MULTICOMP MCPWR12FTEA5100 510R 1% 2515";"";"";"1887781";"";"";"MULTICOMP";"";"";"";"";"";"";"";"";"";"";"";"";"";"";"";"";
"R2";"510R";"R-EU_R2512";"R2512";"RESISTOR, European symbol";"";"MCPWR12FTEA5100";"";"MULTICOMP MCPWR12FTEA5100 510R 1% 2515";"";"";"1887781";"";"";"MULTICOMP";"";"";"";"";"";"";"";"";"";"";"";"";"";"";"";"";
"R3";"10k";"R-EU_R0805";"R0805";"RESISTOR, European symbol";"";"RR1220P-103-D";"";"SUSUMU - RR1220P-103-D - RES, THIN FILM, 10K, 0.5%, 0.1W, 0805";"";"";"1653284";"";"";"SUSUMU";"";"";"";"";"";"";"";"";"";"";"";"";"";"";"";"";
"R4";"10k";"R-EU_R0805";"R0805";"RESISTOR, European symbol";"";"RR1220P-103-D";"";"SUSUMU - RR1220P-103-D - RES, THIN FILM, 10K, 0.5%, 0.1W, 0805";"";"";"1653284";"";"";"SUSUMU";"";"";"";"";"";"";"";"";"";"";"";"";"";"";"";"";
"R5";"10k";"R-EU_R0805";"R0805";"RESISTOR, European symbol";"";"RR1220P-103-D";"";"SUSUMU - RR1220P-103-D - RES, THIN FILM, 10K, 0.5%, 0.1W, 0805";"";"";"1653284";"";"";"SUSUMU";"";"";"";"";"";"";"";"";"";"";"";"";"";"";"";"";
"R6";"10k";"R-EU_R0805";"R0805";"RESISTOR, European symbol";"";"RR1220P-103-D";"";"SUSUMU - RR1220P-103-D - RES, THIN FILM, 10K, 0.5%, 0.1W, 0805";"";"";"1653284";"";"";"SUSUMU";"";"";"";"";"";"";"";"";"";"";"";"";"";"";"";"";
"R7";"10k";"R-EU_R0805";"R0805";"RESISTOR, European symbol";"";"RR1220P-103-D";"";"SUSUMU - RR1220P-103-D - RES, THIN FILM, 10K, 0.5%, 0.1W, 0805";"";"";"1653284";"";"";"SUSUMU";"";"";"";"";"";"";"";"";"";"";"";"";"";"";"";"";
"R8";"10k";"R-EU_R0805";"R0805";"RESISTOR, European symbol";"";"RR1220P-103-D";"";"SUSUMU - RR1220P-103-D - RES, THIN FILM, 10K, 0.5%, 0.1W, 0805";"";"";"1653284";"";"";"SUSUMU";"";"";"";"";"";"";"";"";"";"";"";"";"";"";"";"";
"R9";"120R";"R-EU_R0805";"R0805";"RESISTOR, European symbol";"";"CRCW0805120RJNEA";"";"VISHAY - CRCW0805120RJNEA - RES, THIN FILM, 120R, 5%, 0.1W, 0805";"";"";"1514812";"";"";"VISHAY";"";"";"";"";"";"";"";"";"";"";"";"";"";"";"";"";
"R10";"120R";"R-EU_R0805";"R0805";"RESISTOR, European symbol";"";"CRCW0805120RJNEA";"";"VISHAY - CRCW0805120RJNEA - RES, THIN FILM, 120R, 5%, 0.1W, 0805";"";"";"1514812";"";"";"VISHAY";"";"";"";"";"";"";"";"";"";"";"";"";"";"";"";"";
"R11";"10k";"R-EU_R0805";"R0805";"RESISTOR, European symbol";"";"RR1220P-103-D";"";"SUSUMU - RR1220P-103-D - RES, THIN FILM, 10K, 0.5%, 0.1W, 0805";"";"";"1653284";"";"";"SUSUMU";"";"";"";"";"";"";"";"";"";"";"";"";"";"";"";"";
"R12";"75R";"R-EU_R0805";"R0805";"RESISTOR, European symbol";"";"RP73PF2A75RBTDF";"";"TE CONNECTIVITY - RP73PF2A75RBTDF 0805 75ohm SMD Resistor";"";"";"2117041";"";"";"TE CONNECTIVITY";"";"";"";"";"";"unknown";"";"";"";"";"";"";"";"";"";
"R13";"75R";"R-EU_R0805";"R0805";"RESISTOR, European symbol";"";"RP73PF2A75RBTDF";"";"TE CONNECTIVITY - RP73PF2A75RBTDF 0805 75ohm SMD Resistor";"";"";"2117041";"";"";"TE CONNECTIVITY";"";"";"";"";"";"unknown";"";"";"";"";"";"";"";"";"";
"R14";"1";"R-EU_R2512";"R2512";"RESISTOR, European symbol";"";"LCS2512-1R0FT18";"";"WELWYN - LCS2512-1R0FT18 - CURRENT SENSE RES, 1R0, 1%, 1W, 2512";"";"";"2663692";"";"";"WELWYN";"";"";"";"";"";"";"unknown";"";"";"";"";"";"";"";"";"";
"R15";"33R";"R-EU_R0805";"R0805";"RESISTOR, European symbol";"";"ASC0805-33RFT5";"";"WELWYN - ASC0805-33RFT5 - RES, THICK FILM, 33R, 1%, 0.125W, 0805";"";"";"2078944";"";"";"WELWYN";"";"";"";"";"";"unknown";"";"";"";"";"";"";"";"";"";
"R16";"33R";"R-EU_R0805";"R0805";"RESISTOR, European symbol";"";"ASC0805-33RFT5";"";"WELWYN - ASC0805-33RFT5 - RES, THICK FILM, 33R, 1%, 0.125W, 0805";"";"";"2078944";"";"";"WELWYN";"";"";"";"";"";"unknown";"";"";"";"";"";"";"";"";"";
"R19";"33";"R-EU_R0805";"R0805";"RESISTOR, European symbol";"";"ASC0805-33RFT5";"";"WELWYN - ASC0805-33RFT5 - RES, THICK FILM, 33R, 1%, 0.125W, 0805";"";"";"2078944";"";"";"WELWYN";"";"";"";"";"";"";"unknown";"";"";"";"";"";"";"";"";"";
"R20";"1.5k";"R-EU_R0805";"R0805";"RESISTOR, European symbol";"";"MC0805S8F1501T5E";"";"MULTICOMP MC0805S8F1501T5E - RES, THIN FILM, 1K5, 1%, 0.1W, 0805";"";"";"1632464";"";"";"MULTICOMP";"";"";"";"";"";"";"unknown";"";"";"";"";"";"";"";"";"";
"R21";"33";"R-EU_R0805";"R0805";"RESISTOR, European symbol";"";"ASC0805-33RFT5";"";"WELWYN - ASC0805-33RFT5 - RES, THICK FILM, 33R, 1%, 0.125W, 0805";"";"";"2078944";"";"";"WELWYN";"";"";"";"";"";"";"unknown";"";"";"";"";"";"";"";"";"";
"R22";"100k";"R-EU_R0805";"R0805";"RESISTOR, European symbol";"";"PCF0805-13-100K-B-T1.";"";"WELWYN - PCF0805-13-100K-B-T1. - RES, THIN FILM, 100K, 0.1%, 0.1W, 0805";"";"";"1108917";"";"";"WELWYN";"";"";"";"";"";"";"unknown";"";"";"";"";"";"";"";"";"";
"R23";"10k";"R-EU_R0805";"R0805";"RESISTOR, European symbol";"";"RR1220P-103-D";"";"SUSUMU - RR1220P-103-D - RES, THIN FILM, 10K, 0.5%, 0.1W, 0805";"";"";"1653284";"";"";"SUSUMU";"";"";"";"";"";"";"";"";"";"";"";"";"";"";"";"";
"R24";"10k";"R-EU_R0805";"R0805";"RESISTOR, European symbol";"";"RR1220P-103-D";"";"SUSUMU - RR1220P-103-D - RES, THIN FILM, 10K, 0.5%, 0.1W, 0805";"";"";"1653284";"";"";"SUSUMU";"";"";"";"";"";"";"";"";"";"";"";"";"";"";"";"";
"R25";"10k";"R-EU_R0805";"R0805";"RESISTOR, European symbol";"";"RR1220P-103-D";"";"SUSUMU - RR1220P-103-D - RES, THIN FILM, 10K, 0.5%, 0.1W, 0805";"";"";"1653284";"";"";"SUSUMU";"";"";"";"";"";"";"";"";"";"";"";"";"";"";"";"";
"R26";"100k";"R-EU_R0805";"R0805";"RESISTOR, European symbol";"";"PCF0805-13-100K-B-T1.";"";"WELWYN - PCF0805-13-100K-B-T1. - RES, THIN FILM, 100K, 0.1%, 0.1W, 0805";"";"";"1108917";"";"";"WELWYN";"";"";"";"";"";"";"unknown";"";"";"";"";"";"";"";"";"";
"R27";"12.1k";"R-EU_R0805";"R0805";"RESISTOR, European symbol";"";"RP73PF2A12K1BTDF";"";"TE CONNECTIVITY - RP73PF2A12K1BTDF - RES, THIN FILM, 12K1, 0.1%, 0.25W, 0805";"";"";"2117276";"";"";"TE CONNECTIVITY";"";"";"";"";"";"";"unknown";"";"";"";"";"";"";"";"";"";
"R28";"270";"R-EU_R0805";"R0805";"RESISTOR, European symbol";"";"PCF0805-13-270R-B-T1.";"";"WELWYN - PCF0805-13-270R-B-T1. - RES, THIN FILM, 270R, 0.1%, 0.1W, 0805";"";"";"1108847";"";"";"WELWYN";"";"";"";"";"";"";"";"";"";"";"";"";"";"";"";"";
"R29";"50";"R-EU_R0805";"R0805";"RESISTOR, European symbol";"";"RR1220Q-49R9-D-M";"";"SUSUMU - RR1220Q-49R9-D-M - RES, THIN FILM, 49R9, 0.5%, 0.1W, 0805";"";"";"1612051";"";"";"SUSUMU";"";"";"";"";"";"";"unknown";"";"";"";"";"";"";"";"";"";
"R30";"50";"R-EU_R0805";"R0805";"RESISTOR, European symbol";"";"RR1220Q-49R9-D-M";"";"SUSUMU - RR1220Q-49R9-D-M - RES, THIN FILM, 49R9, 0.5%, 0.1W, 0805";"";"";"1612051";"";"";"SUSUMU";"";"";"";"";"";"";"unknown";"";"";"";"";"";"";"";"";"";
"R31";"50";"R-EU_R0805";"R0805";"RESISTOR, European symbol";"";"RR1220Q-49R9-D-M";"";"SUSUMU - RR1220Q-49R9-D-M - RES, THIN FILM, 49R9, 0.5%, 0.1W, 0805";"";"";"1612051";"";"";"SUSUMU";"";"";"";"";"";"";"unknown";"";"";"";"";"";"";"";"";"";
"R32";"50";"R-EU_R0805";"R0805";"RESISTOR, European symbol";"";"RR1220Q-49R9-D-M";"";"SUSUMU - RR1220Q-49R9-D-M - RES, THIN FILM, 49R9, 0.5%, 0.1W, 0805";"";"";"1612051";"";"";"SUSUMU";"";"";"";"";"";"";"unknown";"";"";"";"";"";"";"";"";"";
"R33";"22";"R-EU_R0805";"R0805";"RESISTOR, European symbol";"";"CPF-A-0805B22RE1";"";"TE CONNECTIVITY - CPF-A-0805B22RE1 - RESISTOR, THIN FILM, 22R, 0.1%, 0805";"";"";"2483974";"";"";"TE CONNECTIVITY";"";"";"";"";"";"";"unknown";"";"";"";"";"";"";"";"";"";
"R35";"270";"R-EU_R0805";"R0805";"RESISTOR, European symbol";"";"PCF0805-13-270R-B-T1.";"";"WELWYN - PCF0805-13-270R-B-T1. - RES, THIN FILM, 270R, 0.1%, 0.1W, 0805";"";"";"1108847";"";"";"WELWYN";"";"";"";"";"";"";"";"";"";"";"";"";"";"";"";"";
"R36";"22";"R-EU_R0805";"R0805";"RESISTOR, European symbol";"";"CPF-A-0805B22RE1";"";"TE CONNECTIVITY - CPF-A-0805B22RE1 - RESISTOR, THIN FILM, 22R, 0.1%, 0805";"";"";"2483974";"";"";"TE CONNECTIVITY";"";"";"";"";"";"";"unknown";"";"";"";"";"";"";"";"";"";
"R38";"100k";"R-EU_R0805";"R0805";"RESISTOR, European symbol";"";"PCF0805-13-100K-B-T1.";"";"WELWYN - PCF0805-13-100K-B-T1. - RES, THIN FILM, 100K, 0.1%, 0.1W, 0805";"";"";"1108917";"";"";"WELWYN";"";"";"";"";"";"";"unknown";"";"";"";"";"";"";"";"";"";
"R40";"22";"R-EU_R0805";"R0805";"RESISTOR, European symbol";"";"CPF-A-0805B22RE1";"";"TE CONNECTIVITY - CPF-A-0805B22RE1 - RESISTOR, THIN FILM, 22R, 0.1%, 0805";"";"";"2483974";"";"";"TE CONNECTIVITY";"";"";"";"";"";"";"unknown";"";"";"";"";"";"";"";"";"";
"R41";"22";"R-EU_R0805";"R0805";"RESISTOR, European symbol";"";"CPF-A-0805B22RE1";"";"TE CONNECTIVITY - CPF-A-0805B22RE1 - RESISTOR, THIN FILM, 22R, 0.1%, 0805";"";"";"2483974";"";"";"TE CONNECTIVITY";"";"";"";"";"";"";"unknown";"";"";"";"";"";"";"";"";"";
"R42";"22";"R-EU_R0805";"R0805";"RESISTOR, European symbol";"";"CPF-A-0805B22RE1";"";"TE CONNECTIVITY - CPF-A-0805B22RE1 - RESISTOR, THIN FILM, 22R, 0.1%, 0805";"";"";"2483974";"";"";"TE CONNECTIVITY";"";"";"";"";"";"";"unknown";"";"";"";"";"";"";"";"";"";
"R43";"10k";"R-EU_R0805";"R0805";"RESISTOR, European symbol";"";"RR1220P-103-D";"";"SUSUMU - RR1220P-103-D - RES, THIN FILM, 10K, 0.5%, 0.1W, 0805";"";"";"1653284";"";"";"SUSUMU";"";"";"";"";"";"";"";"";"";"";"";"";"";"";"";"";
"R44";"1.5k";"R-EU_R0805";"R0805";"RESISTOR, European symbol";"";"PCF0805R-1K50BI";"";"WELWYN - PCF0805R-1K50BI - RES, THIN FILM, 1K5, 0.1%, 0.1W, 0805";"";"";"1160147";"";"";"WELWYN";"";"";"";"";"";"";"unknown";"";"";"";"";"";"";"";"";"";
"J1";"2201778-1";"2201778-1";"8-PIN-MICRO-SD";"";"";"2201778-1";"";"TE CONNECTIVITY 2201778-1 - CONNECTOR, MICRO SD CARD";"";"";"2345280";"";"";"TE CONNECTIVITY";"";"";"";"";"";"";"";"";"";"";"";"";"";"";"";"";
"T1";"BCX17";"BCX17";"SOT23";"PNP general purpose transistors PNP transistor in a SOT23 plastic package.";"";"BC807,215";"";"NEXPERIA - BC807,215 - TRANSISTOR, PNP, 45V, SOT-23";"";"";"1081219";"";"";"NEXPERIA";"";"";"";"";"";"";"unknown";"";"";"";"";"";"";"";"";"";
"U1";"LM2576S-5.0/NOPB";"LM2576S-5.0/NOPB";"D2PAK";"";"";"LM2576S-5.0/NOPB";"";"TEXAS INSTRUMENTS - LM2576S-5.0/NOPB - IC, DC/DC CONVERTER, 3A";"";"";"1469178";"";"";"TEXAS INSTRUMENTS";"";"";"";"";"";"";"unknown";"";"";"";"";"";"";"";"";"";
"U6";"ADP3338AKCZ-3.3RL7";"ADP3338AKCZ-3.3RL7";"SOT230P700X180-4N";"Low Dropout Regulator";"";"ADP3338AKCZ-3.3RL7";"";"ANALOG DEVICES - ADP3338AKCZ-3.3RL7 - LDO REG, 1A, PRECISION 3.3V, SOT223";"";"";"1651283";"";"";"ANALOG DEVICES";"";"";"";"ADP3338AKCZ-3.3RL7";"";"1319313";"19M8720";"SOT-223-3";"";"";"";"";"Analog Devices";"";"";"";
"U13";"LPC1769FBD100";"LPC1769FBD100";"SOT407-1";"32-bit ARM Cortex-M3 microcontroller; up to 512 kB flash and";"yes";"LPC1769FBD100,551";"yes";"NXP - LPC1769FBD100,551 - MCU, 32BIT, CORTEX-M3, 120MHZ, LQFP-100";"";"yes";"2072199";"512kB";"yes";"NXP";"";"";"120";"";"MSL 3 - 168 hours";"";"unknown";"";"";"32kB";"16kB";"16kB";"";"";"D/H/OTG";"";
"U14";"74LVC1G04DCK";"74LVC1G04DCK";"SC70-5";"INVERTER Gate";"";"SN74LVC1G04DCKT";"";"TEXAS INSTRUMENTS - SN74LVC1G04DCKT - IC, SINGLE INVERTER, SMD, SC-70-5";"";"";"1470831";"";"";"TEXAS INSTRUMENTS";"";"";"";"";"";"";"unknown";"";"";"";"";"";"";"";"";"";
"U15";"25AA02E48";"25AA02E48";"SOP-8";"";"";"25AA02E48-I/SN";"";"MICROCHIP - 25AA02E48-I/SN - SERIAL EEPROM, 2KBIT, 10MHZ, SOIC-8";"";"";"1700997";"";"";"MICROCHIP";"";"";"";"";"";"";"";"";"";"";"";"";"";"";"";"";
"U19";"IC_MEM_23LC1024";"IC_MEM_23LC1024";"SOIC-8";"1Mbit SPI SRAM with Serial dual interface and Serial quad interface";"";"23LC1024-I/SN";"";"MICROCHIP - 23LC1024-I/SN - SRAM, SERIAL, 1MBIT, 2.5V, 8SOIC";"";"";"2212150";"";"";"MICROCHIP";"";"";"";"";"";"";"unknown";"";"";"";"";"";"";"";"";"";
"U20";"LAN8720";"LAN8720";"QFN24";"LAN8720A/LAN8720Ai";"";"LAN8720A-CP";"";"MICROCHIP - LAN8720A-CP - IC, RMII 10/100 ENET TRX, 24VQFN";"";"";"2292577";"";"";"MICROCHIP";"";"";"";"";"";"";"unknown";"";"";"";"";"";"";"";"";"";
"X1";"12MHz";"ASE";"ASE";"3.3Vdc CMOS SMD CRYSTAL CLOCK OSCILLATOR";"";"LFSPXO025492";"";"IQD FREQUENCY PRODUCTS - LFSPXO025492 - CRYSTAL OSCILLATOR, SMD, 12MHZ";"";"";"1276640";"";"";"IQD FREQUENCY PRODUCTS";"";"";"";"";"";"unknown";"unknown";"";"";"";"";"";"";"";"";"";
"X2";"25MHz";"ASE";"ASE";"3.3Vdc CMOS SMD CRYSTAL CLOCK OSCILLATOR";"";"LFSPXO025165";"";"IQD FREQUENCY PRODUCTS - LFSPXO025165 - CRYSTAL OSCILLATOR, SMD, 25MHZ";"";"";"1276647";"";"";"IQD FREQUENCY PRODUCTS";"";"";"";"";"";"unknown";"unknown";"";"";"";"";"";"";"";"";"";
"Y1";"32.768kHz";"CRYSTAL-32.768KHZSMD-3.2X1.5";"CRYSTAL-SMD-3.2X1.5MM";"32.768kHz Crystal";"";"ABS07-32.768KHZ-7-T";"";"ABRACON - ABS07-32.768KHZ-7-T - CRYSTAL, 32.768KHZ, 7PF, SMD";"";"";"1838935";"";"";"ABRACON";"";"";"";"";"Mouser order code: 815-ABS07-32.768KHZT";"";"unknown";"";"XTAL-13062";"";"";"";"";"";"";"32.768kHz";
